<?xml version="1.0" encoding="UTF-8"?>
<!DOCTYPE mapper PUBLIC "-//mybatis.org//DTD Mapper 3.0//EN" "http://mybatis.org/dtd/mybatis-3-mapper.dtd">
<mapper namespace="com.example.dao.AdminDao">
    <select id="findBySearch" resultType="com.example.entity.Admin">
        select * from admin
        <where>
            role != 'ROLE_ADMIN'
            <if test="params != null and params.name != null and params.name != ''">
                and name like concat('%', #{ params.name }, '%')
            </if>
            <if test="params != null and params.phone != null and params.phone != ''">
                and phone like concat('%', #{ params.phone }, '%')
            </if>
        </where>
    </select>
</mapper>