<?xml version="1.0" encoding="UTF-8"?>
<!DOCTYPE mapper PUBLIC "-//mybatis.org//DTD Mapper 3.0//EN" "http://mybatis.org/dtd/mybatis-3-mapper.dtd">
<mapper namespace="com.example.dao.AuditDao">

    <select id="findBySearch" resultType="com.example.entity.Audit">
        select audit.*, admin.name as userName from audit
        left join admin on audit.userId = admin.id
        <where>
            <if test="params != null and params.name != null and params.name != ''">
                and audit.name like concat('%', #{ params.name }, '%')
            </if>
            <if test="params != null and params.userId != null">
                and audit.userId = #{ params.userId }
            </if>
        </where>
    </select>

</mapper>