<?xml version="1.0" encoding="UTF-8"?>
<!DOCTYPE mapper PUBLIC "-//mybatis.org//DTD Mapper 3.0//EN" "http://mybatis.org/dtd/mybatis-3-mapper.dtd">
<mapper namespace="com.example.dao.BookDao">
    <select id="findBySearch" resultType="com.example.entity.Book">
#         select book.*, type.name AS typeName from book
#         left join type on book.typeId =type.id
        select * from book
        <where>
            <if test="params != null and params.name != null and params.name != ''">
                and book.name like concat('%', #{ params.name }, '%')
            </if>
            <if test="params != null and params.author != null and params.author != ''">
                and book.author like concat('%', #{ params.author }, '%')
            </if>
        </where>
        order by book.id asc
    </select>
</mapper>