<?xml version="1.0" encoding="UTF-8"?>
<!DOCTYPE mapper PUBLIC "-//mybatis.org//DTD Mapper 3.0//EN" "http://mybatis.org/dtd/mybatis-3-mapper.dtd">
<mapper namespace="com.example.dao.CategoryDao">
    <select id="findBySearch" resultType="com.example.entity.Category">
        select * from category
        <where>
            <if test="params != null and params.username != null and params.username != ''">
                and username like concat('%', #{ params.username }, '%')
            </if>
            <if test="params != null and params.category != null and params.category != ''">
                and category like concat('%', #{ params.category }, '%')
            </if>
        </where>
    </select>
</mapper>