<?xml version="1.0" encoding="UTF-8"?>
<!DOCTYPE mapper PUBLIC "-//mybatis.org//DTD Mapper 3.0//EN" "http://mybatis.org/dtd/mybatis-3-mapper.dtd">
<mapper namespace="com.example.dao.DoceditorDao">
    <select id="findDocEditorBySearch" resultType="com.example.entity.Doceditor">
        select * from doceditor
        <where>
            <if test="params != null and params.username != null and params.username != ''">
                and username like concat('%', #{ params.username }, '%')
            </if>
            <if test="params != null and params.doctitle != null and params.doctitle != ''">
                and doctitle like concat('%', #{ params.doctitle }, '%')
            </if>
            <if test="params != null and params.doceditorContent != null and params.doceditorContent != ''">
                and doceditorContent like concat('%', #{ params.doceditorContent }, '%')
            </if>
        </where>
    </select>
</mapper>