<?xml version="1.0" encoding="UTF-8"?>
<!DOCTYPE mapper PUBLIC "-//mybatis.org//DTD Mapper 3.0//EN" "http://mybatis.org/dtd/mybatis-3-mapper.dtd">
<mapper namespace="com.example.dao.DocDao">
    <select id="findDocBySearch" resultType="com.example.entity.Document">
        select * from document
        <where>
            <if test="params != null and params.username != null and params.username != ''">
                and username like concat('%', #{ params.username }, '%')
            </if>
            <if test="params != null and params.title != null and params.title != ''">
                and title like concat('%', #{ params.title }, '%')
            </if>
        </where>
    </select>
</mapper>