<?xml version="1.0" encoding="UTF-8"?>
<!DOCTYPE mapper PUBLIC "-//mybatis.org//DTD Mapper 3.0//EN" "http://mybatis.org/dtd/mybatis-3-mapper.dtd">
<mapper namespace="com.example.dao.FilesDao">
    <select id="findFilesBySearch" resultType="com.example.entity.Files">
        select * from files
        <where>
            <if test="params != null and params.username != null and params.username != ''">
                and username like concat('%', #{ params.username }, '%')
            </if>
            <if test="params != null and params.filename != null and params.filename != ''">
                and filename like concat('%', #{ params.filename }, '%')
            </if>
        </where>
    </select>
</mapper>