<?xml version="1.0" encoding="UTF-8"?>
<!DOCTYPE mapper PUBLIC "-//mybatis.org//DTD Mapper 3.0//EN" "http://mybatis.org/dtd/mybatis-3-mapper.dtd">
<mapper namespace="com.example.dao.ImgDao">
    <select id="findBySearch" resultType="com.example.entity.Img">
        select * from img
        <where>
            <if test="params != null and params.username != null and params.username != ''">
                and username like concat('%', #{ params.username }, '%')
            </if>
            <if test="params != null and params.userid != null and params.userid != ''">
                and userid like concat('%', #{ params.userid }, '%')
            </if>
        </where>
        order by img.id asc
    </select>
</mapper>