<?xml version="1.0" encoding="UTF-8"?>
<!DOCTYPE mapper PUBLIC "-//mybatis.org//DTD Mapper 3.0//EN" "http://mybatis.org/dtd/mybatis-3-mapper.dtd">
<mapper namespace="com.example.dao.LogDao">
    <select id="findBySearch" resultType="com.example.entity.Log">
        select * from log
        <where>
            <if test="params != null and params.content != null and params.content != ''">
                and content like concat('%', #{ params.content }, '%')
            </if>
            <if test="params != null and params.username != null and params.username != ''">
                and username like concat('%', #{ params.username }, '%')
            </if>
        </where>
        order by time desc
    </select>
</mapper>