<?xml version="1.0" encoding="UTF-8"?>
<!DOCTYPE mapper PUBLIC "-//mybatis.org//DTD Mapper 3.0//EN" "http://mybatis.org/dtd/mybatis-3-mapper.dtd">
<mapper namespace="com.example.dao.SyncMessageDao">
    <select id="findSyncMessageBySearch" resultType="com.example.entity.SyncMessage">
        select * from syncmessage
        <where>
            <if test="params != null and params.content != null and params.content != ''">
                and content like concat('%', #{ params.content }, '%')
            </if>
            <if test="params != null and params.syncid != null and params.syncid != ''">
                and syncid like concat('%', #{ params.syncid }, '%')
            </if>
        </where>
    </select>
</mapper>