<?xml version="1.0" encoding="UTF-8"?>
<!DOCTYPE mapper PUBLIC "-//mybatis.org//DTD Mapper 3.0//EN" "http://mybatis.org/dtd/mybatis-3-mapper.dtd">
<mapper namespace="com.example.dao.SyncDao">
    <select id="findSyncBySearch" resultType="com.example.entity.Sync">
        select * from sync
        <where>
            <if test="params != null and params.authorname != null and params.authorname != ''">
                and authorname like concat('%', #{ params.authorname }, '%')
            </if>
            <if test="params != null and params.title != null and params.title != ''">
                and title like concat('%', #{ params.title }, '%')
            </if>
        </where>
    </select>
</mapper>