<?xml version="1.0" encoding="UTF-8"?>
<!DOCTYPE mapper PUBLIC "-//mybatis.org//DTD Mapper 3.0//EN" "http://mybatis.org/dtd/mybatis-3-mapper.dtd">
<mapper namespace="com.example.dao.SyncJoinDao">
    <select id="findSyncJoinBySearch" resultType="com.example.entity.SyncJoin">
        select * from syncjoin
        <where>
            <if test="params != null and params.username != null and params.username != ''">
                and username like concat('%', #{ params.username }, '%')
            </if>
            <if test="params != null and params.joinid != null and params.joinid != ''">
                and joinid like concat('%', #{ params.joinid }, '%')
            </if>
        </where>
    </select>
</mapper>