<?xml version="1.0" encoding="UTF-8"?>
<!DOCTYPE mapper PUBLIC "-//mybatis.org//DTD Mapper 3.0//EN" "http://mybatis.org/dtd/mybatis-3-mapper.dtd">
<mapper namespace="com.example.dao.SyncUserDao">
    <select id="findSyncUserBySearch" resultType="com.example.entity.SyncUser">
        select * from syncuser
        <where>
            <if test="params != null and params.username != null and params.username != ''">
                and username like concat('%', #{ params.username }, '%')
            </if>
            <if test="params != null and params.syncid != null and params.syncid != ''">
                and syncid like concat('%', #{ params.syncid }, '%')
            </if>
        </where>
    </select>
</mapper>